Category,Revenue,Orders,Products
health_beauty,1258681.34,8836,2444
watches_gifts,1205005.68,5624,1329
bed_bath_table,1036988.68,9417,3029
sports_leisure,988048.97,7720,2867
computers_accessories,911954.32,6689,1639
furniture_decor,729762.49,6449,2657
cool_stuff,635290.85,3632,789
housewares,632248.66,5884,2335
auto,592720.11,3897,1900
garden_tools,485256.46,3518,753
toys,483946.6,3886,1411
baby,411764.89,2885,919
perfumery,399124.87,3162,868
telephony,323667.53,4199,1134
office_furniture,273960.7,1273,309
stationery,230943.23,2311,849
computers,222963.13,181,30
pet_shop,214315.41,1710,719
musical_instruments,191498.88,628,289
small_appliances,190648.58,630,231
electronics,160246.74,2550,517
consoles_games,157465.22,1062,317
fashion_bags_accessories,152823.54,1864,849
construction_tools_construction,144677.59,748,400
luggage_accessories,140429.98,1034,349
home_appliances_2,113317.74,234,90
home_construction,83088.12,490,225
home_appliances,80171.53,764,370
agro_industry_and_commerce,72530.47,182,74
furniture_living_room,68916.56,422,156
fixed_telephony,59583.0,217,116
home_confort,58572.04,397,111
air_conditioning,55024.96,253,124
audio,50688.5,350,58
small_appliances_home_oven_and_coffee,47445.71,75,31
books_general_interest,46856.88,512,216
kitchen_dining_laundry_garden_furniture,46328.37,248,94
construction_tools_lights,41080.0,244,78
construction_tools_safety,40544.52,167,91
industry_commerce_and_business,39669.61,235,68
food,29393.41,450,82
market_place,28378.47,280,104
costruction_tools_garden,25715.89,194,88
art,24202.64,202,55
fashion_shoes,23562.77,240,173
drinks,22428.7,297,81
signaling_and_security,21509.23,140,93
furniture_bedroom,20028.78,95,45
books_technical,19096.06,260,123
costruction_tools_tools,15903.95,97,39
food_drink,15179.48,227,104
fashion_male_clothing,10797.82,112,95
fashion_underwear_beach,9541.55,121,53
christmas_supplies,8800.82,128,65
tablets_printing_image,7528.41,79,9
cine_photo,6933.46,65,28
music,6034.35,38,27
dvds_blu_ray,5999.39,59,48
books_imported,4639.85,53,31
party_supplies,4485.18,39,26
furniture_mattress_and_upholstery,4368.08,38,10
fashio_female_clothing,2803.64,39,27
fashion_sport,2119.51,27,19
la_cuisine,2054.99,13,10
arts_and_craftmanship,1814.01,23,19
diapers_and_hygiene,1567.59,27,12
flowers,1110.04,29,14
home_comfort_2,760.27,24,5
cds_dvds_musicals,730.0,12,1
fashion_childrens_clothes,569.85,8,5
security_and_services,283.28999999999996,2,2
