cohort_month,1,2,3,4,5,6,7,8,9,10,11,12,13,14,15,16,17,18,20,21
2016-09-01,4.0,,,,,,,,,,,,,,,,,,,
2016-10-01,321.0,,,,,,1.0,,,1.0,,1.0,,1.0,,1.0,,1.0,2.0,2.0
2016-12-01,1.0,1.0,,,,,,,,,,,,,,,,,,
2017-01-01,764.0,3.0,2.0,1.0,3.0,1.0,4.0,1.0,1.0,,3.0,1.0,6.0,3.0,1.0,1.0,2.0,3.0,1.0,
2017-02-01,1752.0,4.0,5.0,2.0,7.0,2.0,4.0,3.0,3.0,4.0,2.0,5.0,3.0,3.0,2.0,1.0,1.0,4.0,,
2017-03-01,2636.0,13.0,10.0,10.0,9.0,4.0,4.0,8.0,9.0,2.0,10.0,4.0,6.0,3.0,4.0,6.0,2.0,4.0,,
2017-04-01,2352.0,14.0,5.0,4.0,8.0,6.0,8.0,7.0,7.0,4.0,6.0,2.0,2.0,1.0,2.0,2.0,5.0,,,
2017-05-01,3596.0,18.0,18.0,14.0,11.0,12.0,15.0,6.0,9.0,11.0,9.0,12.0,9.0,1.0,7.0,9.0,,,,
2017-06-01,3139.0,15.0,11.0,13.0,8.0,12.0,12.0,7.0,4.0,7.0,10.0,11.0,5.0,4.0,6.0,,,,,
2017-07-01,3894.0,20.0,14.0,10.0,11.0,8.0,12.0,4.0,7.0,10.0,9.0,12.0,5.0,10.0,,,,,,
2017-08-01,4184.0,29.0,14.0,11.0,15.0,22.0,12.0,11.0,6.0,6.0,10.0,8.0,4.0,,,,,,,
2017-09-01,4130.0,28.0,22.0,12.0,19.0,9.0,9.0,10.0,12.0,7.0,11.0,3.0,,,,,,,,
2017-10-01,4470.0,31.0,11.0,4.0,10.0,9.0,10.0,16.0,12.0,9.0,9.0,,,,,,,,,
2017-11-01,7304.0,40.0,28.0,13.0,14.0,13.0,8.0,14.0,10.0,4.0,,,,,,,,,,
2017-12-01,5487.0,14.0,15.0,19.0,15.0,11.0,9.0,3.0,12.0,,,,,,,,,,,
2018-01-01,7025.0,24.0,27.0,20.0,20.0,11.0,12.0,16.0,,,,,,,,,,,,
2018-02-01,6451.0,25.0,25.0,19.0,17.0,14.0,13.0,,,,,,,,,,,,,
2018-03-01,6965.0,32.0,22.0,20.0,9.0,9.0,,,,,,,,,,,,,,
2018-04-01,6711.0,39.0,21.0,16.0,9.0,,,,,,,,,,,,,,,
2018-05-01,6622.0,35.0,18.0,14.0,,,,,,,,,,,,,,,,
2018-06-01,5940.0,25.0,17.0,,1.0,,,,,,,,,,,,,,,
2018-07-01,6071.0,44.0,2.0,,,,,,,,,,,,,,,,,
2018-08-01,6271.0,7.0,2.0,,,,,,,,,,,,,,,,,
2018-09-01,5.0,,,,,,,,,,,,,,,,,,,
2018-10-01,1.0,,,,,,,,,,,,,,,,,,,
