Month,Revenue,Orders,Customers
2016-09,267.36,4,4
2016-10,49507.66,324,321
2016-12,10.9,1,1
2017-01,120312.87,800,765
2017-02,247303.02,1780,1755
2017-03,374344.3,2682,2642
2017-04,359927.23,2404,2372
2017-05,506071.14,3700,3625
2017-06,433038.6,3245,3180
2017-07,498031.48,4026,3947
2017-08,573971.68,4331,4246
2017-09,624401.6900000001,4285,4212
2017-10,664219.43,4631,4561
2017-11,1010271.37,7544,7430
2017-12,743914.17,5673,5603
2018-01,950030.36,7269,7166
2018-02,844178.71,6728,6569
2018-03,983213.4400000001,7211,7115
2018-04,996647.75,6939,6882
2018-05,996517.68,6873,6814
2018-06,865124.31,6167,6128
2018-07,895507.22,6292,6230
2018-08,854686.33,6512,6460
2018-09,145.0,16,14
2018-10,0.0,4,4
