State,Revenue,Orders,Customers
SP,5202955.05,41746,40302
RJ,1824092.67,12852,12384
MG,1585308.03,11635,11259
RS,750304.02,5466,5277
PR,683083.76,5045,4882
SC,520553.34,3637,3534
BA,511349.99,3380,3277
DF,302603.94,2140,2075
GO,294591.95,2020,1952
ES,275037.31,2033,1964
PE,262788.03,1652,1609
CE,227254.71,1336,1313
PA,178947.81,975,949
MT,156453.53,907,876
MA,119648.22,747,726
MS,116812.64,715,694
PB,115268.08,536,519
PI,86914.08,495,482
RN,83034.98,485,474
AL,80314.81,413,401
SE,58920.85,350,342
TO,49621.74,280,273
RO,46140.64,253,240
AM,22356.84,148,143
AC,15982.95,81,77
AP,13474.3,68,67
RR,7829.43,46,45
